"first_name","last_name"
"Frederick","Spencer"
"Daryl","Rogers"
"Adelaide","Anderson"
"Arthur","Barrett"
"Carina","Barnes"
"Gianna","Williams"
"Rebecca","Mason"
"Amber","Perkins"
"Daisy","Thomas"
"Adam","Clark"
"Ellia","Hunt"
"Spike","Perry"
"Roman","Gray"
"David","Riley"
"Steven","Ferguson"
"Adison","Wilson"
"John","Hunt"
"Lily","Hunt"
"Martin","Murray"
"Anna","Sullivan"
"Abigail","Chapman"
"Derek","Murray"
"Arnold","Grant"
"Carlos","Roberts"
"Gianna","Brown"
"Ellia","Crawford"
"Alen","Warren"
"Lydia","Kelly"
"Julia","Andrews"
"Miley","Robinson"
"Amanda","Murphy"
"Brianna","Rogers"
"Lilianna","Crawford"
"Tiana","Holmes"
"Chester","Cameron"
"Elian","Carter"
"Aldus","Hawkins"
"Aiden","Crawford"
"Bruce","Bennett"
"Edward","Riley"
"Lyndon","Chapman"
"Valeria","West"
"Jessica","Montgomery"
"Eleanor","Martin"
"Madaline","Ellis"
"Miller","Watson"
"Kelvin","Owens"
"Adison","Cole"
"Hailey","Smith"
"Paige","Mitchell"
"Gianna","Armstrong"
"Sofia","Thompson"
"Tara","Hamilton"
"Grace","Williams"
"Oliver","Kelley"
"Gianna","Spencer"
"Ellia","Riley"
"Patrick","Morgan"
"Emma","Montgomery"
"Nicholas","Johnston"
"Connie","Watson"
"Alberta","Turner"
"Lucia","Ferguson"
"James","Grant"
"Alfred","Parker"
"Adrianna","Murray"
"Honey","Miller"
"April","Phillips"
"Anna","Watson"
"Stuart","Edwards"
"Alan","Crawford"
"Sarah","Grant"
"Dale","Warren"
"Dexter","Roberts"
"Adrianna","Richardson"
"James","Cameron"
"Grace","Edwards"
"Lenny","Spencer"
"Adam","Hill"
"Harold","Adams"
"Amy","Thompson"
"Alfred","Armstrong"
"Miller","Payne"
"Chester","Harris"
"Owen","Brooks"
"Emily","Ryan"
"Naomi","Jones"
"Gianna","Montgomery"
"Aston","Fowler"
"Antony","Dixon"
"Nicholas","Taylor"
"Abigail","Miller"
"Julia","Cameron"
"Vincent","Foster"
"Daryl","Scott"
"Jordan","Cooper"
"Rosie","Grant"
"Emma","Scott"
"Adam","Higgins"
"Aida","Stevens"
"Aldus","Tucker"
"Abigail","Campbell"
"Camila","Miller"
"Miranda","Anderson"
"Haris","Smith"
"Sabrina","Montgomery"
"Melanie","Clark"
"Isabella","Murphy"
"Derek","Cameron"
"Charlie","Elliott"
"Robert","Tucker"
"Daryl","Mitchell"
"Chloe","Brooks"
"Andrew","Henderson"
"Emma","Phillips"
"Alisa","Reed"
"Jack","Craig"
"Harold","Holmes"
"Lydia","Harper"
"Frederick","Taylor"
"James","Farrell"
"Naomi","Stevens"
"Dainton","Moore"
"Albert","Hamilton"
"Myra","Wilson"
"Rosie","Mitchell"
"Anna","Fowler"
"Andrew","Roberts"
"Julian","Phillips"
"Chloe","Roberts"
"Andrew","Barnes"
"Sawyer","Higgins"
"Ryan","Hall"
"Cherry","Thomas"
"Jessica","Riley"
"Vanessa","Roberts"
"Aston","Mason"
"Byron","Sullivan"
"Edgar","Morgan"
"Jared","Johnston"
"Jack","Gray"
"Gianna","Hamilton"
"Savana","Foster"
"Maria","Cooper"
"Ada","Cooper"
"Myra","Montgomery"
"Frederick","Wells"
"Alford","Richardson"
"Ellia","Carroll"
"Lyndon","Scott"
"Bruce","Allen"
"Tony","Clark"
"Camila","Turner"
"Michael","Casey"
"Cherry","Bailey"
"Sofia","Gibson"
"Harold","Elliott"
"Jessica","Higgins"
"Vanessa","Payne"
"Dominik","Nelson"
"Amy","Henderson"
"Caroline","Jones"
"Tara","Cole"
"Briony","Hall"
"Emma","Foster"
"Ryan","Barnes"
"Anna","Scott"
"Aston","Turner"
"Oscar","Morris"
"Jordan","Bailey"
"Chester","Carter"
"Derek","Higgins"
"Tara","Dixon"
"Aida","Brown"
"Leonardo","Crawford"
"Preston","Ferguson"
"Stuart","Ferguson"
"Vanessa","Grant"
"Rafael","Murray"
"Kelsey","Mason"
"Arnold","Taylor"
"Penelope","Hamilton"
"Justin","Nelson"
"Fiona","Spencer"
"Leonardo","Russell"
"Rafael","Allen"
"Olivia","Fowler"
"Andrew","Williams"
"Edwin","Turner"
"April","Allen"
"Rubie","Roberts"
"Belinda","Thompson"
"Alissa","Richards"
"Tara","Harper"
"Alford","Harrison"
"Nicholas","Foster"
"Dale","Dixon"
"Madaline","Sullivan"
"Jack","Phillips"
"Mike","Elliott"
